"query","owner_slug","canonical_path","launch_wave"
"adjusting water pressure regulator","water-pressure-regulator-adjustment","/water-pressure-regulator-adjustment/","A"
"annual backflow test","backflow-test","/backflow-test/","A"
"annual backflow test requirements","annual-backflow-testing","/annual-backflow-testing/","A"
"annual backflow testing","annual-backflow-testing","/annual-backflow-testing/","A"
"anti siphon backflow valve","anti-siphon-valve","/anti-siphon-valve/","A"
"anti siphon installation","vacuum-breaker-installation","/vacuum-breaker-installation/","A"
"anti siphon valve leaking","vacuum-breaker-leaking","/vacuum-breaker-leaking/","A"
"apartment backflow test","apartment-backflow-testing","/apartment-backflow-testing/","E"
"apartment backflow testing","apartment-backflow-testing","/apartment-backflow-testing/","E"
"approved tester list","approved-backflow-tester","/approved-backflow-tester/","A"
"atmospheric anti siphon valve","atmospheric-vacuum-breaker","/atmospheric-vacuum-breaker/","A"
"atmospheric backflow preventer","atmospheric-vacuum-breaker","/atmospheric-vacuum-breaker/","A"
"AVB","atmospheric-vacuum-breaker","/atmospheric-vacuum-breaker/","A"
"backflow assembly diagram","backflow-preventer-diagram","/backflow-preventer-diagram/","A"
"backflow assembly failed test","backflow-preventer-failed-test","/backflow-preventer-failed-test/","E"
"backflow assembly location","backflow-preventer-location","/backflow-preventer-location/","E"
"backflow assembly serial number","backflow-preventer-serial-number","/backflow-preventer-serial-number/","E"
"backflow assembly servicing","backflow-preventer-service","/backflow-preventer-service/","E"
"backflow certification","backflow-test","/backflow-test/","A"
"backflow certification process","backflow-certification","/backflow-certification/","A"
"backflow certification requirements","backflow-certification","/backflow-certification/","A"
"backflow certified testing","certified-backflow-testing","/certified-backflow-testing/","E"
"backflow compliance deadline","backflow-test-deadline","/backflow-test-deadline/","E"
"backflow compliance notice","backflow-test-notice","/backflow-test-notice/","A"
"backflow compliance records","backflow-test-records","/backflow-test-records/","E"
"backflow device dumping water","backflow-preventer-leaking","/backflow-preventer-leaking/","A"
"backflow device identification","backflow-device-identification","/backflow-device-identification/","E"
"backflow device installation requirements","backflow-preventer-installation","/backflow-preventer-installation/","A"
"backflow device types","backflow-preventer-types","/backflow-preventer-types/","A"
"backflow freeze protection","backflow-preventer-winterization","/backflow-preventer-winterization/","A"
"backflow inspection","backflow-test","/backflow-test/","A"
"backflow inspection cost","backflow-inspection-cost","/backflow-inspection-cost/","A"
"backflow inspection failed","failed-backflow-inspection","/failed-backflow-inspection/","A"
"backflow inspection failure","failed-backflow-inspection","/failed-backflow-inspection/","A"
"backflow inspection price","backflow-inspection-cost","/backflow-inspection-cost/","A"
"backflow inspection service","commercial-backflow-inspection","/commercial-backflow-inspection/","A"
"backflow installation code requirements","backflow-installation-requirements","/backflow-installation-requirements/","E"
"backflow installation price","backflow-preventer-installation-cost","/backflow-preventer-installation-cost/","A"
"backflow installation requirements","backflow-installation-requirements","/backflow-installation-requirements/","E"
"backflow leak repair","backflow-preventer-leak-repair","/backflow-preventer-leak-repair/","E"
"backflow maintenance service","backflow-preventer-maintenance","/backflow-preventer-maintenance/","E"
"backflow preventer diagram","backflow-preventer-diagram","/backflow-preventer-diagram/","A"
"backflow preventer failed test","backflow-preventer-failed-test","/backflow-preventer-failed-test/","E"
"backflow preventer frozen","frozen-backflow-preventer","/frozen-backflow-preventer/","A"
"backflow preventer function","how-backflow-preventer-works","/how-backflow-preventer-works/","A"
"backflow preventer inspection","commercial-backflow-inspection","/commercial-backflow-inspection/","A"
"backflow preventer installation","backflow-preventer-installation","/backflow-preventer-installation/","A"
"backflow preventer installation cost","backflow-preventer-installation-cost","/backflow-preventer-installation-cost/","A"
"backflow preventer installation requirements","backflow-installation-requirements","/backflow-installation-requirements/","E"
"backflow preventer installer","backflow-preventer-installation","/backflow-preventer-installation/","A"
"backflow preventer leak repair","backflow-preventer-leak-repair","/backflow-preventer-leak-repair/","E"
"backflow preventer leaking from vent","backflow-preventer-leaking-from-vent","/backflow-preventer-leaking-from-vent/","A"
"backflow preventer location","backflow-preventer-location","/backflow-preventer-location/","E"
"backflow preventer maintenance","backflow-preventer-maintenance","/backflow-preventer-maintenance/","E"
"backflow preventer parts","backflow-preventer-parts","/backflow-preventer-parts/","A"
"backflow preventer rebuild","backflow-preventer-rebuild","/backflow-preventer-rebuild/","A"
"backflow preventer repair","backflow-preventer-repair","/backflow-preventer-repair/","A"
"backflow preventer repair cost","backflow-preventer-repair-cost","/backflow-preventer-repair-cost/","A"
"backflow preventer repair kit","backflow-preventer-repair-kit","/backflow-preventer-repair-kit/","A"
"backflow preventer replacement","backflow-preventer-replacement","/backflow-preventer-replacement/","A"
"backflow preventer replacement cost","backflow-preventer-replacement-cost","/backflow-preventer-replacement-cost/","A"
"backflow preventer replacement parts","backflow-preventer-parts","/backflow-preventer-parts/","A"
"backflow preventer serial number","backflow-preventer-serial-number","/backflow-preventer-serial-number/","E"
"backflow preventer service","backflow-preventer-repair","/backflow-preventer-repair/","A"
"backflow preventer servicing","backflow-preventer-service","/backflow-preventer-service/","E"
"backflow preventer spraying","backflow-preventer-leaking-from-vent","/backflow-preventer-leaking-from-vent/","A"
"backflow preventer test form","backflow-test-form","/backflow-test-form/","A"
"backflow preventer troubleshooting","backflow-preventer-troubleshooting","/backflow-preventer-troubleshooting/","A"
"backflow preventer types","backflow-preventer-types","/backflow-preventer-types/","A"
"backflow preventer winterization","backflow-preventer-winterization","/backflow-preventer-winterization/","A"
"backflow rebuild kit","backflow-preventer-rebuild","/backflow-preventer-rebuild/","A"
"backflow relief valve leaking","backflow-preventer-leaking-from-vent","/backflow-preventer-leaking-from-vent/","A"
"backflow repair cost","backflow-preventer-repair-cost","/backflow-preventer-repair-cost/","A"
"backflow repair kit","backflow-preventer-repair-kit","/backflow-preventer-repair-kit/","A"
"backflow repair service","backflow-preventer-repair","/backflow-preventer-repair/","A"
"backflow replacement cost","backflow-preventer-replacement-cost","/backflow-preventer-replacement-cost/","A"
"backflow replacement service","backflow-preventer-replacement","/backflow-preventer-replacement/","A"
"backflow report portal","backflow-reporting-portal","/backflow-reporting-portal/","A"
"backflow report submission","backflow-report-submission","/backflow-report-submission/","E"
"backflow reporting portal","backflow-reporting-portal","/backflow-reporting-portal/","A"
"backflow retest","failed-backflow-test","/failed-backflow-test/","A"
"backflow retesting","backflow-test-retest","/backflow-test-retest/","E"
"backflow serial number lookup","backflow-preventer-serial-number","/backflow-preventer-serial-number/","E"
"backflow test cost","backflow-test","/backflow-test/","A"
"backflow test deadline","backflow-test-deadline","/backflow-test-deadline/","E"
"backflow test failure","failed-backflow-test","/failed-backflow-test/","A"
"backflow test form","backflow-test-form","/backflow-test-form/","A"
"backflow test frequency","backflow-test-frequency","/backflow-test-frequency/","A"
"backflow test notice","backflow-test-notice","/backflow-test-notice/","A"
"backflow test records","backflow-test-records","/backflow-test-records/","E"
"backflow test report submission","backflow-report-submission","/backflow-report-submission/","E"
"backflow test retest","backflow-test-retest","/backflow-test-retest/","E"
"backflow test service","backflow-testing-service","/backflow-testing-service/","E"
"backflow tester certification","backflow-certification","/backflow-certification/","A"
"backflow tester near me","approved-backflow-tester","/approved-backflow-tester/","A"
"backflow testing","backflow-test","/backflow-test/","A"
"backflow testing company","backflow-testing-service","/backflow-testing-service/","E"
"backflow testing deadline","backflow-test-deadline","/backflow-test-deadline/","E"
"backflow testing form","backflow-test-form","/backflow-test-form/","A"
"backflow testing notice","backflow-test-notice","/backflow-test-notice/","A"
"backflow testing records","backflow-test-records","/backflow-test-records/","E"
"backflow testing schedule","backflow-test-frequency","/backflow-test-frequency/","A"
"backflow testing service","backflow-testing-service","/backflow-testing-service/","E"
"backflow valve diagram","backflow-preventer-diagram","/backflow-preventer-diagram/","A"
"backflow valve dripping","backflow-preventer-leaking","/backflow-preventer-leaking/","A"
"backflow valve failed test","backflow-preventer-failed-test","/backflow-preventer-failed-test/","E"
"backflow valve identification","backflow-device-identification","/backflow-device-identification/","E"
"backflow valve leak repair","backflow-preventer-leak-repair","/backflow-preventer-leak-repair/","E"
"backflow valve maintenance","backflow-preventer-maintenance","/backflow-preventer-maintenance/","E"
"backflow valve parts","backflow-preventer-parts","/backflow-preventer-parts/","A"
"backflow valve repair cost","backflow-preventer-repair-cost","/backflow-preventer-repair-cost/","A"
"backflow valve repair kit","backflow-preventer-repair-kit","/backflow-preventer-repair-kit/","A"
"backflow valve servicing","backflow-preventer-service","/backflow-preventer-service/","E"
"backflow valve troubleshooting","backflow-preventer-troubleshooting","/backflow-preventer-troubleshooting/","A"
"backwater preventer","backwater-valve","/backwater-valve/","A"
"backwater valve installation","backwater-valve-installation","/backwater-valve-installation/","A"
"backwater valve installation cost","backwater-valve-installation-cost","/backwater-valve-installation-cost/","A"
"backwater valve retrofit cost","backwater-valve-installation-cost","/backwater-valve-installation-cost/","A"
"bad water pressure regulator","water-pressure-regulator-symptoms","/water-pressure-regulator-symptoms/","A"
"certified backflow test","certified-backflow-testing","/certified-backflow-testing/","E"
"certified backflow tester","approved-backflow-tester","/approved-backflow-tester/","A"
"certified backflow testing","certified-backflow-testing","/certified-backflow-testing/","E"
"clinic backflow testing","medical-office-backflow-testing","/medical-office-backflow-testing/","E"
"commercial backflow inspection","commercial-backflow-inspection","/commercial-backflow-inspection/","A"
"commercial backflow installation cost","commercial-backflow-installation-cost","/commercial-backflow-installation-cost/","A"
"commercial backflow preventer installation cost","commercial-backflow-installation-cost","/commercial-backflow-installation-cost/","A"
"commercial backflow preventer repair","commercial-backflow-repair","/commercial-backflow-repair/","E"
"commercial backflow preventer replacement","commercial-backflow-replacement","/commercial-backflow-replacement/","E"
"commercial backflow repair","commercial-backflow-repair","/commercial-backflow-repair/","E"
"commercial backflow replacement","commercial-backflow-replacement","/commercial-backflow-replacement/","E"
"commercial backflow service","commercial-backflow-testing","/commercial-backflow-testing/","A"
"commercial backflow test","commercial-backflow-testing","/commercial-backflow-testing/","A"
"commercial backflow testing","commercial-backflow-testing","/commercial-backflow-testing/","A"
"commercial property backflow testing","property-manager-backflow-testing","/property-manager-backflow-testing/","E"
"commercial RPZ installation cost","commercial-backflow-installation-cost","/commercial-backflow-installation-cost/","A"
"commercial RPZ repair","commercial-backflow-repair","/commercial-backflow-repair/","E"
"commercial RPZ replacement","commercial-backflow-replacement","/commercial-backflow-replacement/","E"
"cost of backflow inspection","backflow-inspection-cost","/backflow-inspection-cost/","A"
"cost to install backflow preventer","backflow-preventer-installation-cost","/backflow-preventer-installation-cost/","A"
"DCVA","backflow-preventer","/backflow-preventer/","A"
"DCVA leaking","double-check-valve-leaking","/double-check-valve-leaking/","A"
"DCVA repair","dcva-repair","/dcva-repair/","E"
"double check","backflow-preventer","/backflow-preventer/","A"
"double check backflow leaking","double-check-valve-leaking","/double-check-valve-leaking/","A"
"double check backflow repair","dcva-repair","/dcva-repair/","E"
"double check valve leaking","double-check-valve-leaking","/double-check-valve-leaking/","A"
"double check valve repair","dcva-repair","/dcva-repair/","E"
"failed backflow inspection","failed-backflow-test","/failed-backflow-test/","A"
"failed backflow inspection repair","failed-backflow-inspection","/failed-backflow-inspection/","A"
"failed RPZ test","failed-backflow-test","/failed-backflow-test/","A"
"faucet backflow preventer","hose-bib-vacuum-breaker","/hose-bib-vacuum-breaker/","A"
"fire line backflow installation","fire-sprinkler-backflow-installation","/fire-sprinkler-backflow-installation/","A"
"fire line backflow test","fire-sprinkler-backflow-test","/fire-sprinkler-backflow-test/","A"
"fire sprinkler backflow installation","fire-sprinkler-backflow-installation","/fire-sprinkler-backflow-installation/","A"
"fire sprinkler backflow preventer","fire-sprinkler-backflow-installation","/fire-sprinkler-backflow-installation/","A"
"fire sprinkler backflow test","fire-sprinkler-backflow-test","/fire-sprinkler-backflow-test/","A"
"fire system backflow testing","fire-sprinkler-backflow-test","/fire-sprinkler-backflow-test/","A"
"food service backflow testing","restaurant-backflow-testing","/restaurant-backflow-testing/","E"
"freeze damaged backflow preventer","frozen-backflow-preventer","/frozen-backflow-preventer/","A"
"frozen backflow preventer","frozen-backflow-preventer","/frozen-backflow-preventer/","A"
"garden hose anti siphon","hose-bib-vacuum-breaker","/hose-bib-vacuum-breaker/","A"
"HOA backflow test","hoa-backflow-testing","/hoa-backflow-testing/","E"
"HOA backflow testing","hoa-backflow-testing","/hoa-backflow-testing/","E"
"home backflow testing","residential-backflow-testing","/residential-backflow-testing/","A"
"homeowners association backflow testing","hoa-backflow-testing","/hoa-backflow-testing/","E"
"hose bib vacuum breaker","hose-bib-vacuum-breaker","/hose-bib-vacuum-breaker/","A"
"hose bib vacuum breaker spraying","vacuum-breaker-leaking","/vacuum-breaker-leaking/","A"
"hose connection vacuum breaker","hose-bib-vacuum-breaker","/hose-bib-vacuum-breaker/","A"
"house pressure fluctuating","water-pressure-regulator-symptoms","/water-pressure-regulator-symptoms/","A"
"house pressure regulator replacement","water-pressure-regulator-replacement","/water-pressure-regulator-replacement/","A"
"house water regulator","water-pressure-regulator","/water-pressure-regulator/","A"
"how backflow preventer works","how-backflow-preventer-works","/how-backflow-preventer-works/","A"
"how does a backflow preventer work","how-backflow-preventer-works","/how-backflow-preventer-works/","A"
"how often backflow testing","backflow-test-frequency","/backflow-test-frequency/","A"
"how to adjust PRV","water-pressure-regulator-adjustment","/water-pressure-regulator-adjustment/","A"
"identify backflow preventer","backflow-device-identification","/backflow-device-identification/","E"
"identify vacuum breaker","vacuum-breaker","/vacuum-breaker/","A"
"increase house water pressure","water-pressure-regulator-adjustment","/water-pressure-regulator-adjustment/","A"
"install a backflow preventer","backflow-preventer-installation","/backflow-preventer-installation/","A"
"install RPZ backflow preventer","rpz-installation","/rpz-installation/","A"
"installing a vacuum breaker","vacuum-breaker-installation","/vacuum-breaker-installation/","A"
"installing water pressure regulator","water-pressure-regulator-installation","/water-pressure-regulator-installation/","A"
"irrigation anti siphon","anti-siphon-valve","/anti-siphon-valve/","A"
"irrigation backflow device","backflow-preventer","/backflow-preventer/","A"
"irrigation backflow installation","irrigation-backflow-installation","/irrigation-backflow-installation/","A"
"irrigation backflow leaking","sprinkler-backflow-leaking","/sprinkler-backflow-leaking/","A"
"irrigation backflow preventer installation","irrigation-backflow-installation","/irrigation-backflow-installation/","A"
"irrigation backflow repair","irrigation-backflow-repair","/irrigation-backflow-repair/","E"
"irrigation PVB","pressure-vacuum-breaker","/pressure-vacuum-breaker/","A"
"lawn irrigation backflow repair","irrigation-backflow-repair","/irrigation-backflow-repair/","E"
"lawn sprinkler backflow leaking","sprinkler-backflow-leaking","/sprinkler-backflow-leaking/","A"
"lawn sprinkler backflow valve","irrigation-backflow-preventer","/irrigation-backflow-preventer/","A"
"mainline backwater valve","backwater-valve","/backwater-valve/","A"
"mainline backwater valve retrofit","backwater-valve-installation","/backwater-valve-installation/","A"
"medical facility backflow testing","medical-office-backflow-testing","/medical-office-backflow-testing/","E"
"medical office backflow testing","medical-office-backflow-testing","/medical-office-backflow-testing/","E"
"multifamily backflow testing","apartment-backflow-testing","/apartment-backflow-testing/","E"
"pressure reducing valve","water-pressure-regulator","/water-pressure-regulator/","A"
"pressure reducing valve cost","water-pressure-regulator-cost","/water-pressure-regulator-cost/","A"
"pressure reducing valve installation","water-pressure-regulator-installation","/water-pressure-regulator-installation/","A"
"pressure reducing valve leak","water-pressure-regulator-leaking","/water-pressure-regulator-leaking/","A"
"pressure reducing valve replacement","water-pressure-regulator-replacement","/water-pressure-regulator-replacement/","A"
"pressure regulator failure symptoms","water-pressure-regulator-symptoms","/water-pressure-regulator-symptoms/","A"
"pressure vacuum breaker leaking","pressure-vacuum-breaker","/pressure-vacuum-breaker/","A"
"pressure vacuum breaker repair","pvb-repair","/pvb-repair/","E"
"pressure vacuum breaker repair kit","pvb-repair-kit","/pvb-repair-kit/","A"
"pressure vacuum breaker replacement","pvb-replacement","/pvb-replacement/","A"
"property management backflow testing","property-manager-backflow-testing","/property-manager-backflow-testing/","E"
"property manager backflow testing","property-manager-backflow-testing","/property-manager-backflow-testing/","E"
"PRV","water-pressure-regulator","/water-pressure-regulator/","A"
"PRV installation","water-pressure-regulator-installation","/water-pressure-regulator-installation/","A"
"PRV installation cost","water-pressure-regulator-cost","/water-pressure-regulator-cost/","A"
"PRV leaking","water-pressure-regulator-leaking","/water-pressure-regulator-leaking/","A"
"PRV replacement","water-pressure-regulator-replacement","/water-pressure-regulator-replacement/","A"
"PRV symptoms","water-pressure-regulator-symptoms","/water-pressure-regulator-symptoms/","A"
"PVB","backflow-preventer","/backflow-preventer/","A"
"PVB backflow preventer","pressure-vacuum-breaker","/pressure-vacuum-breaker/","A"
"PVB installation","vacuum-breaker-installation","/vacuum-breaker-installation/","A"
"PVB leaking","vacuum-breaker-leaking","/vacuum-breaker-leaking/","A"
"PVB rebuild kit","pvb-repair-kit","/pvb-repair-kit/","A"
"PVB repair kit","pvb-repair-kit","/pvb-repair-kit/","A"
"PVB repair service","pvb-repair","/pvb-repair/","E"
"PVB replacement","pvb-replacement","/pvb-replacement/","A"
"PVB valve repair","pvb-repair","/pvb-repair/","E"
"reduce house water pressure","water-pressure-regulator-adjustment","/water-pressure-regulator-adjustment/","A"
"reduced pressure assembly","backflow-preventer","/backflow-preventer/","A"
"reduced pressure zone backflow preventer","rpz-backflow-preventer","/rpz-backflow-preventer/","A"
"reduced pressure zone installation","rpz-installation","/rpz-installation/","A"
"reduced pressure zone repair","rpz-repair","/rpz-repair/","E"
"reduced pressure zone repair kit","rpz-repair-kit","/rpz-repair-kit/","A"
"reduced pressure zone replacement","rpz-replacement","/rpz-replacement/","A"
"reduced pressure zone vs double check valve assembly","rpz-vs-dcva","/rpz-vs-dcva/","A"
"reduced pressure zone vs pressure vacuum breaker","rpz-vs-pvb","/rpz-vs-pvb/","A"
"registered backflow tester","approved-backflow-tester","/approved-backflow-tester/","A"
"repair or replace RPZ","backflow-repair-or-replace","/backflow-repair-or-replace/","A"
"replace backflow preventer","backflow-preventer-replacement","/backflow-preventer-replacement/","A"
"replace backflow preventer cost","backflow-preventer-replacement-cost","/backflow-preventer-replacement-cost/","A"
"replace pressure vacuum breaker","pvb-replacement","/pvb-replacement/","A"
"replace RPZ backflow preventer","rpz-replacement","/rpz-replacement/","A"
"replacing water pressure regulator","water-pressure-regulator-replacement","/water-pressure-regulator-replacement/","A"
"residential backflow test","residential-backflow-testing","/residential-backflow-testing/","A"
"residential backflow testing","residential-backflow-testing","/residential-backflow-testing/","A"
"restaurant backflow test","restaurant-backflow-testing","/restaurant-backflow-testing/","E"
"restaurant backflow testing","restaurant-backflow-testing","/restaurant-backflow-testing/","E"
"retest backflow preventer","backflow-test-retest","/backflow-test-retest/","E"
"RP backflow assembly","rpz-backflow-preventer","/rpz-backflow-preventer/","A"
"RPZ","backflow-preventer","/backflow-preventer/","A"
"RPZ dumping water","backflow-preventer-leaking-from-vent","/backflow-preventer-leaking-from-vent/","A"
"RPZ installation","rpz-installation","/rpz-installation/","A"
"RPZ leaking","backflow-preventer-leaking","/backflow-preventer-leaking/","A"
"RPZ or DCVA","rpz-vs-dcva","/rpz-vs-dcva/","A"
"RPZ or PVB","rpz-vs-pvb","/rpz-vs-pvb/","A"
"RPZ rebuild","backflow-repair-or-replace","/backflow-repair-or-replace/","A"
"RPZ rebuild kit","rpz-repair-kit","/rpz-repair-kit/","A"
"RPZ rebuild service","backflow-preventer-rebuild","/backflow-preventer-rebuild/","A"
"RPZ repair","backflow-preventer-repair","/backflow-preventer-repair/","A"
"RPZ repair cost","backflow-preventer-repair-cost","/backflow-preventer-repair-cost/","A"
"RPZ repair kit","rpz-repair-kit","/rpz-repair-kit/","A"
"RPZ repair service","rpz-repair","/rpz-repair/","E"
"RPZ replacement","rpz-replacement","/rpz-replacement/","A"
"RPZ replacement cost","backflow-preventer-replacement-cost","/backflow-preventer-replacement-cost/","A"
"RPZ valve","rpz-backflow-preventer","/rpz-backflow-preventer/","A"
"RPZ valve repair","rpz-repair","/rpz-repair/","E"
"RPZ vs DCVA","rpz-vs-dcva","/rpz-vs-dcva/","A"
"RPZ vs PVB","rpz-vs-pvb","/rpz-vs-pvb/","A"
"sewer backflow valve","backwater-valve","/backwater-valve/","A"
"sewer backflow valve cost","backwater-valve-installation-cost","/backwater-valve-installation-cost/","A"
"sewer backflow valve installation","backwater-valve-installation","/backwater-valve-installation/","A"
"sewer check valve","backwater-valve","/backwater-valve/","A"
"sprinkler anti siphon valve","anti-siphon-valve","/anti-siphon-valve/","A"
"sprinkler backflow installation","irrigation-backflow-installation","/irrigation-backflow-installation/","A"
"sprinkler backflow leaking","sprinkler-backflow-leaking","/sprinkler-backflow-leaking/","A"
"sprinkler backflow preventer","irrigation-backflow-preventer","/irrigation-backflow-preventer/","A"
"sprinkler backflow repair","irrigation-backflow-repair","/irrigation-backflow-repair/","E"
"sprinkler vacuum breaker","pressure-vacuum-breaker","/pressure-vacuum-breaker/","A"
"submit backflow report","backflow-report-submission","/backflow-report-submission/","E"
"submit backflow test online","backflow-reporting-portal","/backflow-reporting-portal/","A"
"troubleshoot backflow preventer","backflow-preventer-troubleshooting","/backflow-preventer-troubleshooting/","A"
"types of backflow preventers","backflow-preventer-types","/backflow-preventer-types/","A"
"vacuum breaker dripping","vacuum-breaker-leaking","/vacuum-breaker-leaking/","A"
"vacuum breaker height","vacuum-breaker-installation","/vacuum-breaker-installation/","A"
"vacuum breaker types","vacuum-breaker","/vacuum-breaker/","A"
"vacuum breaker vs backflow preventer","vacuum-breaker","/vacuum-breaker/","A"
"water pressure regulator leaking","water-pressure-regulator-leaking","/water-pressure-regulator-leaking/","A"
"water pressure regulator replacement cost","water-pressure-regulator-cost","/water-pressure-regulator-cost/","A"
"water pressure valve","water-pressure-regulator","/water-pressure-regulator/","A"
"what is a vacuum breaker","vacuum-breaker","/vacuum-breaker/","A"
"where to install backflow preventer","backflow-preventer-location","/backflow-preventer-location/","E"
"winterize backflow preventer","backflow-preventer-winterization","/backflow-preventer-winterization/","A"
"yearly backflow test","annual-backflow-testing","/annual-backflow-testing/","A"
